scenario,TV_$k,Radio_$k,Newspaper_$k,predicted_sales,sales_change,sales_change_pct
Current average allocation,147.0425,23.264000000000006,30.553999999999995,14.042004239811018,0.0,0.0
Shift 20% of Newspaper budget to Radio,147.0425,29.374800000000008,24.443199999999997,15.18126475970922,1.1392605198982029,8.113232986130585
