channel,coefficient,mean_spend_$k,elasticity_pct
TV,0.044729517468716326,147.0425,46.9041902114011
Radio,0.1891950542343766,23.264000000000006,31.388366851192995
Newspaper,0.0027611143413672056,30.553999999999995,0.6016265828927337
