feature,coefficient
Radio,0.1891950542343766
TV,0.044729517468716326
Newspaper,0.0027611143413672056
intercept,2.9790673381226256
