feature,VIF
TV,1.00461078493965
Radio,1.1449519171055353
Newspaper,1.1451873787239288
